<?xml version="1.0" encoding="utf-8"?><feed xmlns="http://www.w3.org/2005/Atom" ><generator uri="https://jekyllrb.com/" version="4.3.3">Jekyll</generator><link href="http://localhost:4000/feed.xml" rel="self" type="application/atom+xml" /><link href="http://localhost:4000/" rel="alternate" type="text/html" /><updated>2024-07-28T10:46:16+05:30</updated><id>http://localhost:4000/feed.xml</id><entry><title type="html">Welcome</title><link href="http://localhost:4000/2024/07/20/welcome.html" rel="alternate" type="text/html" title="Welcome" /><published>2024-07-20T00:00:00+05:30</published><updated>2024-07-20T00:00:00+05:30</updated><id>http://localhost:4000/2024/07/20/welcome</id><content type="html" xml:base="http://localhost:4000/2024/07/20/welcome.html"><![CDATA[<p>Welcome to Java Tryouts</p>]]></content><author><name>shadhini</name></author><summary type="html"><![CDATA[Welcome to Java Tryouts]]></summary></entry></feed>